Date,10 Yr T bill,SP 500 
1/2/2013,1.86,1462.42
1/3/2013,1.92,1459.37
1/4/2013,1.93,1466.47
1/7/2013,1.92,1461.89
1/8/2013,1.89,1457.15
1/9/2013,1.88,1461.02
1/10/2013,1.91,1472.12
1/11/2013,1.89,1472.05
1/14/2013,1.89,1470.68
1/15/2013,1.86,1472.34
1/16/2013,1.84,1472.63
1/17/2013,1.89,1480.94
1/18/2013,1.87,1485.98
1/22/2013,1.86,1492.56
1/23/2013,1.86,1494.81
1/24/2013,1.88,1494.82
1/25/2013,1.98,1502.96
1/28/2013,2,1500.18
1/29/2013,2.03,1507.84
1/30/2013,2.03,1501.96
1/31/2013,2.02,1498.11
2/1/2013,2.04,1513.17
2/4/2013,2,1495.71
2/5/2013,2.04,1511.29
2/6/2013,2,1512.12
2/7/2013,1.99,1509.39
2/8/2013,1.99,1517.93
2/11/2013,1.99,1517.01
2/12/2013,2.02,1519.43
2/13/2013,2.05,1520.33
2/14/2013,2,1521.38
2/15/2013,2.01,1519.79
2/19/2013,2.03,1530.94
2/20/2013,2.02,1511.95
2/21/2013,1.99,1502.42
2/22/2013,1.97,1515.6
2/25/2013,1.88,1487.85
2/26/2013,1.88,1496.94
2/27/2013,1.91,1515.99
2/28/2013,1.89,1514.68
3/1/2013,1.86,1518.2
3/4/2013,1.88,1525.2
3/5/2013,1.9,1539.79
3/6/2013,1.95,1541.46
3/7/2013,2,1544.26
3/8/2013,2.06,1551.18
3/11/2013,2.07,1556.22
3/12/2013,2.03,1552.48
3/13/2013,2.04,1554.52
3/14/2013,2.04,1563.23
3/15/2013,2.01,1560.7
3/18/2013,1.96,1552.1
3/19/2013,1.92,1548.34
3/20/2013,1.96,1558.71
3/21/2013,1.95,1545.8
3/22/2013,1.93,1556.89
3/25/2013,1.93,1551.69
3/26/2013,1.92,1563.77
3/27/2013,1.87,1562.85
3/28/2013,1.87,1569.19
4/1/2013,1.86,1562.17
4/2/2013,1.88,1570.25
4/3/2013,1.83,1553.69
4/4/2013,1.78,1559.98
4/5/2013,1.72,1553.28
4/8/2013,1.76,1563.07
4/9/2013,1.78,1568.61
4/10/2013,1.84,1587.73
4/11/2013,1.82,1593.37
4/12/2013,1.75,1588.85
4/15/2013,1.72,1552.36
4/16/2013,1.75,1574.57
4/17/2013,1.73,1552.01
4/18/2013,1.72,1541.61
4/19/2013,1.73,1555.25
4/22/2013,1.72,1562.5
4/23/2013,1.74,1578.78
4/24/2013,1.73,1578.79
4/25/2013,1.74,1585.16
4/26/2013,1.7,1582.24
4/29/2013,1.7,1593.61
4/30/2013,1.7,1597.57
5/1/2013,1.66,1582.7
5/2/2013,1.66,1597.59
5/3/2013,1.78,1614.42
5/6/2013,1.8,1617.5
5/7/2013,1.82,1625.96
5/8/2013,1.81,1632.69
5/9/2013,1.81,1626.67
5/10/2013,1.9,1633.7
5/13/2013,1.92,1633.77
5/14/2013,1.96,1650.34
5/15/2013,1.94,1658.78
5/16/2013,1.87,1650.47
5/17/2013,1.95,1667.47
5/20/2013,1.97,1666.29
5/21/2013,1.94,1669.16
5/22/2013,2.03,1655.35
5/23/2013,2.02,1650.51
5/24/2013,2.01,1649.6
5/28/2013,2.15,1660.06
5/29/2013,2.13,1648.36
5/30/2013,2.13,1654.41
5/31/2013,2.16,1630.74
6/3/2013,2.13,1640.42
6/4/2013,2.14,1631.38
6/5/2013,2.1,1608.9
6/6/2013,2.08,1622.56
6/7/2013,2.17,1643.38
6/10/2013,2.22,1642.81
6/11/2013,2.2,1626.13
6/12/2013,2.25,1612.52
6/13/2013,2.19,1636.36
6/14/2013,2.14,1626.73
6/17/2013,2.19,1639.04
6/18/2013,2.2,1651.81
6/19/2013,2.33,1628.93
6/20/2013,2.41,1588.19
6/21/2013,2.52,1592.43
6/24/2013,2.57,1573.09
6/25/2013,2.6,1588.03
6/26/2013,2.55,1603.26
6/27/2013,2.49,1613.2
6/28/2013,2.52,1606.28
7/1/2013,2.5,1614.96
7/2/2013,2.48,1614.08
7/3/2013,2.52,1615.41
7/5/2013,2.73,1631.89
7/8/2013,2.65,1640.46
7/9/2013,2.65,1652.32
7/10/2013,2.7,1652.62
7/11/2013,2.6,1675.02
7/12/2013,2.61,1680.19
7/15/2013,2.57,1682.5
7/16/2013,2.55,1676.26
7/17/2013,2.52,1680.91
7/18/2013,2.56,1689.37
7/19/2013,2.5,1692.09
7/22/2013,2.5,1695.53
7/23/2013,2.53,1692.39
7/24/2013,2.61,1685.94
7/25/2013,2.61,1690.25
7/26/2013,2.58,1691.65
7/29/2013,2.61,1685.33
7/30/2013,2.63,1685.96
7/31/2013,2.6,1685.73
8/1/2013,2.74,1706.87
8/2/2013,2.63,1709.67
8/5/2013,2.67,1707.14
8/6/2013,2.67,1697.37
8/7/2013,2.61,1690.91
8/8/2013,2.58,1697.48
8/9/2013,2.57,1691.42
8/12/2013,2.61,1689.47
8/13/2013,2.71,1694.16
8/14/2013,2.71,1685.39
8/15/2013,2.77,1661.32
8/16/2013,2.84,1655.83
8/19/2013,2.88,1646.06
8/20/2013,2.82,1652.35
8/21/2013,2.87,1642.8
8/22/2013,2.9,1656.96
8/23/2013,2.82,1663.5
8/26/2013,2.79,1656.78
8/27/2013,2.72,1630.48
8/28/2013,2.78,1634.96
8/29/2013,2.75,1638.17
8/30/2013,2.78,1632.97
9/3/2013,2.86,1639.77
9/4/2013,2.9,1653.08
9/5/2013,2.98,1655.08
9/6/2013,2.94,1655.17
9/9/2013,2.9,1671.71
9/10/2013,2.96,1683.99
9/11/2013,2.93,1689.13
9/12/2013,2.92,1683.42
9/13/2013,2.9,1687.99
9/16/2013,2.88,1697.6
9/17/2013,2.86,1704.76
9/18/2013,2.69,1725.52
9/19/2013,2.76,1722.34
9/20/2013,2.75,1709.91
9/23/2013,2.72,1701.84
9/24/2013,2.67,1697.42
9/25/2013,2.63,1692.77
9/26/2013,2.66,1698.67
9/27/2013,2.64,1691.75
9/30/2013,2.64,1681.55
10/1/2013,2.66,1695
10/2/2013,2.63,1693.87
10/3/2013,2.62,1678.66
10/4/2013,2.66,1690.5
10/7/2013,2.65,1676.12
10/8/2013,2.66,1655.45
10/9/2013,2.68,1656.4
10/10/2013,2.71,1692.56
10/11/2013,2.7,1703.2
10/14/2013,NA,1710.14
10/15/2013,2.75,1698.06
10/16/2013,2.69,1721.54
10/17/2013,2.61,1733.15
10/18/2013,2.6,1744.5
10/21/2013,2.63,1744.66
10/22/2013,2.54,1754.67
10/23/2013,2.51,1746.38
10/24/2013,2.53,1752.07
10/25/2013,2.53,1759.77
10/28/2013,2.54,1762.11
10/29/2013,2.53,1771.95
10/30/2013,2.55,1763.31
10/31/2013,2.57,1756.54
11/1/2013,2.65,1761.64
11/4/2013,2.63,1767.93
11/5/2013,2.69,1762.97
11/6/2013,2.67,1770.49
11/7/2013,2.63,1747.15
11/8/2013,2.77,1770.61
11/11/2013,NA,1771.89
11/12/2013,2.8,1767.69
11/13/2013,2.75,1782
11/14/2013,2.69,1790.62
11/15/2013,2.71,1798.18
11/18/2013,2.67,1791.53
11/19/2013,2.71,1787.87
11/20/2013,2.8,1781.37
11/21/2013,2.79,1795.85
11/22/2013,2.75,1804.76
11/25/2013,2.74,1802.48
11/26/2013,2.71,1802.75
11/27/2013,2.74,1807.23
11/29/2013,2.75,1805.81
12/2/2013,2.81,1800.9
12/3/2013,2.79,1795.15
12/4/2013,2.84,1792.81
12/5/2013,2.88,1785.03
12/6/2013,2.88,1805.09
12/9/2013,2.86,1808.37
12/10/2013,2.81,1802.62
12/11/2013,2.86,1782.22
12/12/2013,2.89,1775.5
12/13/2013,2.88,1775.32
12/16/2013,2.89,1786.54
12/17/2013,2.85,1781
12/18/2013,2.89,1810.65
12/19/2013,2.94,1809.6
12/20/2013,2.89,1818.32
12/23/2013,2.94,1827.99
12/24/2013,2.99,1833.32
12/26/2013,3,1842.02
12/27/2013,3.02,1841.4
12/30/2013,2.99,1841.07
12/31/2013,3.04,1848.36
1/2/2014,3,1831.98
1/3/2014,3.01,1831.37
1/6/2014,2.98,1826.77
1/7/2014,2.96,1837.88
1/8/2014,3.01,1837.49
1/9/2014,2.97,1838.13
1/10/2014,2.88,1842.37
1/13/2014,2.84,1819.2
1/14/2014,2.88,1838.88
1/15/2014,2.9,1848.38
1/16/2014,2.86,1845.89
1/17/2014,2.84,1838.7
1/21/2014,2.85,1843.8
1/22/2014,2.87,1844.86
1/23/2014,2.79,1828.46
1/24/2014,2.75,1790.29
1/27/2014,2.78,1781.56
1/28/2014,2.77,1792.5
1/29/2014,2.69,1774.2
1/30/2014,2.72,1794.19
1/31/2014,2.67,1782.59
2/3/2014,2.61,1741.89
2/4/2014,2.64,1755.2
2/5/2014,2.7,1751.64
2/6/2014,2.73,1773.43
2/7/2014,2.71,1797.02
2/10/2014,2.7,1799.84
2/11/2014,2.75,1819.75
2/12/2014,2.8,1819.26
2/13/2014,2.73,1829.83
2/14/2014,2.75,1838.63
2/18/2014,2.71,1840.76
2/19/2014,2.73,1828.75
2/20/2014,2.76,1839.78
2/21/2014,2.73,1836.25
2/24/2014,2.75,1847.61
2/25/2014,2.7,1845.12
2/26/2014,2.67,1845.16
2/27/2014,2.65,1854.29
2/28/2014,2.66,1859.45
3/3/2014,2.6,1845.73
3/4/2014,2.7,1873.91
3/5/2014,2.7,1873.81
3/6/2014,2.74,1877.03
3/7/2014,2.8,1878.04
3/10/2014,2.79,1877.17
3/11/2014,2.77,1867.63
3/12/2014,2.73,1868.2
3/13/2014,2.66,1846.34
3/14/2014,2.65,1841.13
3/17/2014,2.7,1858.83
3/18/2014,2.68,1872.25
3/19/2014,2.78,1860.77
3/20/2014,2.79,1872.01
3/21/2014,2.75,1866.52
3/24/2014,2.74,1857.44
3/25/2014,2.75,1865.62
3/26/2014,2.71,1852.56
3/27/2014,2.69,1849.04
3/28/2014,2.73,1857.62
3/31/2014,2.73,1872.34
4/1/2014,2.77,1885.52
4/2/2014,2.82,1890.9
4/3/2014,2.8,1888.77
4/4/2014,2.74,1865.09
4/7/2014,2.71,1845.04
4/8/2014,2.69,1851.96
4/9/2014,2.71,1872.18
4/10/2014,2.65,1833.08
4/11/2014,2.63,1815.69
4/14/2014,2.65,1830.61
4/15/2014,2.64,1842.98
4/16/2014,2.65,1862.31
4/17/2014,2.73,1864.85
4/21/2014,2.73,1871.89
4/22/2014,2.73,1879.55
4/23/2014,2.7,1875.39
4/24/2014,2.7,1878.61
4/25/2014,2.68,1863.4
4/28/2014,2.7,1869.43
4/29/2014,2.71,1878.33
4/30/2014,2.67,1883.95
5/1/2014,2.63,1883.68
5/2/2014,2.6,1881.14
5/5/2014,2.63,1884.66
5/6/2014,2.61,1867.72
5/7/2014,2.62,1878.21
5/8/2014,2.61,1875.63
5/9/2014,2.62,1878.48
5/12/2014,2.66,1896.65
5/13/2014,2.61,1897.45
5/14/2014,2.54,1888.53
5/15/2014,2.5,1870.85
5/16/2014,2.52,1877.86
5/19/2014,2.54,1885.08
5/20/2014,2.52,1872.83
5/21/2014,2.54,1888.03
5/22/2014,2.56,1892.49
5/23/2014,2.54,1900.53
5/27/2014,2.52,1911.91
5/28/2014,2.44,1909.78
5/29/2014,2.45,1920.03
5/30/2014,2.48,1923.57
6/2/2014,2.54,1924.97
6/3/2014,2.6,1924.24
6/4/2014,2.61,1927.88
6/5/2014,2.59,1940.46
6/6/2014,2.6,1949.44
6/9/2014,2.62,1951.27
6/10/2014,2.64,1950.79
6/11/2014,2.65,1943.89
6/12/2014,2.58,1930.11
6/13/2014,2.6,1936.16
6/16/2014,2.61,1937.78
6/17/2014,2.66,1941.99
6/18/2014,2.61,1956.98
6/19/2014,2.64,1959.48
6/20/2014,2.63,1962.87
6/23/2014,2.63,1962.61
6/24/2014,2.59,1949.98
6/25/2014,2.57,1959.53
6/26/2014,2.53,1957.22
6/27/2014,2.54,1960.96
6/30/2014,2.53,1960.23
7/1/2014,2.58,1973.32
7/2/2014,2.64,1974.62
7/3/2014,2.65,1985.44
7/7/2014,2.63,1977.65
7/8/2014,2.58,1963.71
7/9/2014,2.57,1972.83
7/10/2014,2.55,1964.68
7/11/2014,2.53,1967.57
7/14/2014,2.55,1977.1
7/15/2014,2.56,1973.28
7/16/2014,2.55,1981.57
7/17/2014,2.47,1958.12
7/18/2014,2.5,1978.22
7/21/2014,2.49,1973.63
7/22/2014,2.48,1983.53
7/23/2014,2.48,1987.01
7/24/2014,2.52,1987.98
7/25/2014,2.48,1978.34
7/28/2014,2.5,1978.91
7/29/2014,2.47,1969.95
7/30/2014,2.57,1970.07
7/31/2014,2.58,1930.67
8/1/2014,2.52,1925.15
8/4/2014,2.51,1938.99
8/5/2014,2.49,1920.21
8/6/2014,2.49,1920.24
8/7/2014,2.43,1909.57
8/8/2014,2.44,1931.59
8/11/2014,2.44,1936.92
8/12/2014,2.46,1933.75
8/13/2014,2.43,1946.72
8/14/2014,2.4,1955.18
8/15/2014,2.34,1955.06
8/18/2014,2.39,1971.74
8/19/2014,2.4,1981.6
8/20/2014,2.43,1986.51
8/21/2014,2.41,1992.37
8/22/2014,2.4,1988.4
8/25/2014,2.39,1997.92
8/26/2014,2.39,2000.02
8/27/2014,2.37,2000.12
8/28/2014,2.34,1996.74
8/29/2014,2.35,2003.37
9/2/2014,2.42,2002.28
9/3/2014,2.41,2000.72
9/4/2014,2.45,1997.65
9/5/2014,2.46,2007.71
9/8/2014,2.48,2001.54
9/9/2014,2.5,1988.44
9/10/2014,2.54,1995.69
9/11/2014,2.54,1997.45
9/12/2014,2.62,1985.54
9/15/2014,2.6,1984.13
9/16/2014,2.6,1998.98
9/17/2014,2.62,2001.57
9/18/2014,2.63,2011.36
9/19/2014,2.59,2010.4
9/22/2014,2.57,1994.29
9/23/2014,2.54,1982.77
9/24/2014,2.57,1998.3
9/25/2014,2.52,1965.99
9/26/2014,2.54,1982.85
9/29/2014,2.5,1977.8
9/30/2014,2.52,1972.29
10/1/2014,2.42,1946.16
10/2/2014,2.44,1946.17
10/3/2014,2.45,1967.9
10/6/2014,2.43,1964.82
10/7/2014,2.36,1935.1
10/8/2014,2.35,1968.89
10/9/2014,2.34,1928.21
10/10/2014,2.31,1906.13
10/13/2014,NA,1874.74
10/14/2014,2.21,1877.7
10/15/2014,2.15,1862.49
10/16/2014,2.17,1862.76
10/17/2014,2.22,1886.76
10/20/2014,2.2,1904.01
10/21/2014,2.23,1941.28
10/22/2014,2.25,1927.11
10/23/2014,2.29,1950.82
10/24/2014,2.29,1964.58
10/27/2014,2.27,1961.63
10/28/2014,2.3,1985.05
10/29/2014,2.34,1982.3
10/30/2014,2.32,1994.65
10/31/2014,2.35,2018.05
11/3/2014,2.36,2017.81
11/4/2014,2.35,2012.1
11/5/2014,2.36,2023.57
11/6/2014,2.39,2031.21
11/7/2014,2.32,2031.92
11/10/2014,2.38,2038.26
11/11/2014,NA,2039.68
11/12/2014,2.37,2038.25
11/13/2014,2.35,2039.33
11/14/2014,2.32,2039.82
11/17/2014,2.34,2041.32
11/18/2014,2.32,2051.8
11/19/2014,2.36,2048.72
11/20/2014,2.34,2052.75
11/21/2014,2.31,2063.5
11/24/2014,2.3,2069.41
11/25/2014,2.27,2067.03
11/26/2014,2.24,2072.83
11/28/2014,2.18,2067.56
12/1/2014,2.22,2053.44
12/2/2014,2.28,2066.55
12/3/2014,2.29,2074.33
12/4/2014,2.25,2071.92
12/5/2014,2.31,2075.37
12/8/2014,2.26,2060.31
12/9/2014,2.22,2059.82
12/10/2014,2.18,2026.14
12/11/2014,2.19,2035.33
12/12/2014,2.1,2002.33
12/15/2014,2.12,1989.63
12/16/2014,2.07,1972.74
12/17/2014,2.14,2012.89
12/18/2014,2.22,2061.23
12/19/2014,2.17,2070.65
12/22/2014,2.17,2078.54
12/23/2014,2.26,2082.17
12/24/2014,2.27,2081.88
12/26/2014,2.25,2088.77
12/29/2014,2.22,2090.57
12/30/2014,2.2,2080.35
12/31/2014,2.17,2058.9
1/2/2015,2.12,2058.2
1/5/2015,2.04,2020.58
1/6/2015,1.97,2002.61
1/7/2015,1.96,2025.9
1/8/2015,2.03,2062.14
1/9/2015,1.98,2044.81
1/12/2015,1.92,2028.26
1/13/2015,1.91,2023.03
1/14/2015,1.86,2011.27
1/15/2015,1.77,1992.67
1/16/2015,1.83,2019.42
1/20/2015,1.82,2022.55
1/21/2015,1.87,2032.12
1/22/2015,1.9,2063.15
1/23/2015,1.81,2051.82
1/26/2015,1.83,2057.09
1/27/2015,1.83,2029.55
1/28/2015,1.73,2002.16
1/29/2015,1.77,2021.25
1/30/2015,1.68,1994.99
2/2/2015,1.68,2020.85
2/3/2015,1.79,2050.03
2/4/2015,1.81,2041.51
2/5/2015,1.83,2062.52
2/6/2015,1.95,2055.47
2/9/2015,1.96,2046.74
2/10/2015,2.01,2068.59
2/11/2015,2,2068.53
2/12/2015,1.99,2088.48
2/13/2015,2.02,2096.99
2/17/2015,2.14,2100.34
2/18/2015,2.07,2099.68
2/19/2015,2.11,2097.45
2/20/2015,2.13,2110.3
2/23/2015,2.06,2109.66
2/24/2015,1.99,2115.48
2/25/2015,1.96,2113.86
2/26/2015,2.03,2110.74
2/27/2015,2,2104.5
3/2/2015,2.08,2117.39
3/3/2015,2.12,2107.78
3/4/2015,2.12,2098.53
3/5/2015,2.11,2101.04
3/6/2015,2.24,2071.26
3/9/2015,2.2,2079.43
3/10/2015,2.14,2044.16
3/11/2015,2.11,2040.24
3/12/2015,2.1,2065.95
3/13/2015,2.13,2053.4
3/16/2015,2.1,2081.19
3/17/2015,2.06,2074.28
3/18/2015,1.93,2099.5
3/19/2015,1.98,2089.27
3/20/2015,1.93,2108.1
3/23/2015,1.92,2104.42
3/24/2015,1.88,2091.5
3/25/2015,1.93,2061.05
3/26/2015,2.01,2056.15
3/27/2015,1.95,2061.02
3/30/2015,1.96,2086.24
3/31/2015,1.94,2067.89
4/1/2015,1.87,2059.69
4/2/2015,1.92,2066.96
4/6/2015,1.92,2080.62
4/7/2015,1.89,2076.33
4/8/2015,1.92,2081.9
4/9/2015,1.97,2091.18
4/10/2015,1.96,2102.06
4/13/2015,1.94,2092.43
4/14/2015,1.9,2095.84
4/15/2015,1.91,2106.63
4/16/2015,1.9,2104.99
4/17/2015,1.87,2081.18
4/20/2015,1.9,2100.4
4/21/2015,1.92,2097.29
4/22/2015,1.99,2107.96
4/23/2015,1.96,2112.93
4/24/2015,1.93,2117.69
4/27/2015,1.94,2108.92
4/28/2015,2,2114.76
4/29/2015,2.06,2106.85
4/30/2015,2.05,2085.51
5/1/2015,2.12,2108.29
5/4/2015,2.16,2114.49
5/5/2015,2.19,2089.46
5/6/2015,2.25,2080.15
5/7/2015,2.18,2088
5/8/2015,2.16,2116.1
5/11/2015,2.28,2105.33
5/12/2015,2.28,2099.12
5/13/2015,2.27,2098.48
5/14/2015,2.23,2121.1
5/15/2015,2.14,2122.73
5/18/2015,2.23,2129.2
5/19/2015,2.27,2127.83
5/20/2015,2.26,2125.85
5/21/2015,2.19,2130.82
5/22/2015,2.21,2126.06
5/26/2015,2.14,2104.2
5/27/2015,2.14,2123.48
5/28/2015,2.13,2120.79
5/29/2015,2.12,2107.39
6/1/2015,2.19,2111.73
6/2/2015,2.27,2109.6
6/3/2015,2.38,2114.07
6/4/2015,2.31,2095.84
6/5/2015,2.41,2092.83
6/8/2015,2.39,2079.28
6/9/2015,2.42,2080.15
6/10/2015,2.5,2105.2
6/11/2015,2.39,2108.86
6/12/2015,2.39,2094.11
6/15/2015,2.36,2084.43
6/16/2015,2.32,2096.29
6/17/2015,2.32,2100.44
6/18/2015,2.35,2121.24
6/19/2015,2.26,2109.99
6/22/2015,2.37,2122.85
6/23/2015,2.42,2124.2
6/24/2015,2.38,2108.58
6/25/2015,2.4,2102.31
6/26/2015,2.49,2101.49
6/29/2015,2.33,2057.64
6/30/2015,2.35,2063.11
7/1/2015,2.43,2077.42
7/2/2015,2.4,2076.78
7/6/2015,2.3,2068.76
7/7/2015,2.27,2081.34
7/8/2015,2.22,2046.68
7/9/2015,2.32,2051.31
7/10/2015,2.42,2076.62
7/13/2015,2.44,2099.6
7/14/2015,2.41,2108.95
7/15/2015,2.36,2107.4
7/16/2015,2.36,2124.29
7/17/2015,2.34,2126.64
7/20/2015,2.38,2128.28
7/21/2015,2.35,2119.21
7/22/2015,2.33,2114.15
7/23/2015,2.28,2102.15
7/24/2015,2.27,2079.65
7/27/2015,2.23,2067.64
7/28/2015,2.26,2093.25
7/29/2015,2.29,2108.57
7/30/2015,2.28,2108.63
7/31/2015,2.2,2103.84
8/3/2015,2.16,2098.04
8/4/2015,2.23,2093.32
8/5/2015,2.28,2099.84
8/6/2015,2.23,2083.56
8/7/2015,2.18,2077.57
8/10/2015,2.24,2104.18
8/11/2015,2.15,2084.07
8/12/2015,2.14,2086.05
8/13/2015,2.19,2083.39
8/14/2015,2.2,2091.54
8/17/2015,2.16,2102.44
8/18/2015,2.2,2096.92
8/19/2015,2.12,2079.61
8/20/2015,2.09,2035.73
8/21/2015,2.05,1970.89
8/24/2015,2.01,1893.21
8/25/2015,2.12,1867.61
8/26/2015,2.18,1940.51
8/27/2015,2.18,1987.66
8/28/2015,2.19,1988.87
8/31/2015,2.21,1972.18
9/1/2015,2.17,1913.85
9/2/2015,2.2,1948.86
9/3/2015,2.18,1951.13
9/4/2015,2.13,1921.22
9/8/2015,2.2,1969.41
9/9/2015,2.21,1942.04
9/10/2015,2.23,1952.29
9/11/2015,2.2,1961.05
9/14/2015,2.18,1953.03
9/15/2015,2.28,1978.09
9/16/2015,2.3,1995.31
9/17/2015,2.21,1990.2
9/18/2015,2.13,1958.03
9/21/2015,2.2,1966.97
9/22/2015,2.14,1942.74
9/23/2015,2.16,1938.76
9/24/2015,2.13,1932.24
9/25/2015,2.17,1931.34
9/28/2015,2.1,1881.77
9/29/2015,2.05,1884.09
9/30/2015,2.06,1920.03
10/1/2015,2.05,1923.82
10/2/2015,1.99,1951.36
10/5/2015,2.07,1987.05
10/6/2015,2.05,1979.92
10/7/2015,2.08,1995.83
10/8/2015,2.12,2013.43
10/9/2015,2.12,2014.89
10/12/2015,NA,2017.46
10/13/2015,2.06,2003.69
10/14/2015,1.99,1994.24
10/15/2015,2.04,2023.86
10/16/2015,2.04,2033.11
10/19/2015,2.04,2033.66
10/20/2015,2.08,2030.77
10/21/2015,2.04,2018.94
10/22/2015,2.04,2052.51
10/23/2015,2.09,2075.15
10/26/2015,2.07,2071.18
10/27/2015,2.05,2065.89
10/28/2015,2.1,2090.35
10/29/2015,2.19,2089.41
10/30/2015,2.16,2079.36
11/2/2015,2.2,2104.05
11/3/2015,2.23,2109.79
11/4/2015,2.25,2102.31
11/5/2015,2.26,2099.93
11/6/2015,2.34,2099.2
11/9/2015,2.36,2078.58
11/10/2015,2.32,2081.72
11/11/2015,NA,2075
11/12/2015,2.32,2045.97
11/13/2015,2.28,2023.04
11/16/2015,2.27,2053.19
11/17/2015,2.25,2050.44
11/18/2015,2.27,2083.58
11/19/2015,2.24,2081.24
11/20/2015,2.26,2089.17
11/23/2015,2.25,2086.59
11/24/2015,2.24,2089.14
11/25/2015,2.23,2088.87
11/27/2015,2.22,2090.11
11/30/2015,2.21,2080.41
12/1/2015,2.15,2102.63
12/2/2015,2.18,2079.51
12/3/2015,2.33,2049.62
12/4/2015,2.28,2091.69
12/7/2015,2.23,2077.07
12/8/2015,2.24,2063.59
12/9/2015,2.22,2047.62
12/10/2015,2.24,2052.23
12/11/2015,2.13,2012.37
12/14/2015,2.23,2021.94
12/15/2015,2.28,2043.41
12/16/2015,2.3,2073.07
12/17/2015,2.24,2041.89
12/18/2015,2.19,2005.55
12/21/2015,2.2,2021.15
12/22/2015,2.24,2038.97
12/23/2015,2.27,2064.29
12/24/2015,2.25,2060.99
12/28/2015,2.24,2056.5
12/29/2015,2.32,2078.36
12/30/2015,2.31,2063.36
12/31/2015,2.27,2043.94
1/4/2016,2.24,2012.66
1/5/2016,2.25,2016.71
1/6/2016,2.18,1990.26
1/7/2016,2.16,1943.09
1/8/2016,2.13,1922.03
1/11/2016,2.17,1923.67
1/12/2016,2.12,1938.68
1/13/2016,2.08,1890.28
1/14/2016,2.1,1921.84
1/15/2016,2.03,1880.33
1/19/2016,2.06,1881.33
1/20/2016,2.01,1859.33
1/21/2016,2.02,1868.99
1/22/2016,2.07,1906.9
1/25/2016,2.03,1877.08
1/26/2016,2.01,1903.63
1/27/2016,2.02,1882.95
1/28/2016,2,1893.36
1/29/2016,1.94,1940.24
2/1/2016,1.97,1939.38
2/2/2016,1.87,1903.03
2/3/2016,1.88,1912.53
2/4/2016,1.87,1915.45
2/5/2016,1.86,1880.05
2/8/2016,1.75,1853.44
2/9/2016,1.74,1852.21
2/10/2016,1.71,1851.86
2/11/2016,1.63,1829.08
2/12/2016,1.74,1864.78
2/16/2016,1.78,1895.58
2/17/2016,1.81,1926.82
2/18/2016,1.75,1917.83
2/19/2016,1.76,1917.78
2/22/2016,1.77,1945.5
2/23/2016,1.74,1921.27
2/24/2016,1.75,1929.8
2/25/2016,1.71,1951.7
2/26/2016,1.76,1948.05
2/29/2016,1.74,1932.23
3/1/2016,1.83,1978.35
3/2/2016,1.84,1986.45
3/3/2016,1.83,1993.4
3/4/2016,1.88,1999.99
3/7/2016,1.91,2001.76
3/8/2016,1.83,1979.26
3/9/2016,1.9,1989.26
3/10/2016,1.93,1989.57
3/11/2016,1.98,2022.19
3/14/2016,1.97,2019.64
3/15/2016,1.97,2015.93
3/16/2016,1.94,2027.22
3/17/2016,1.91,2040.59
3/18/2016,1.88,2049.58
3/21/2016,1.92,2051.6
3/22/2016,1.94,2049.8
3/23/2016,1.88,2036.71
3/24/2016,1.91,2035.94
3/28/2016,1.89,2037.05
3/29/2016,1.81,2055.01
3/30/2016,1.83,2063.95
3/31/2016,1.78,2059.74
4/1/2016,1.79,2072.78
4/4/2016,1.78,2066.13
4/5/2016,1.73,2045.17
4/6/2016,1.76,2066.66
4/7/2016,1.7,2041.91
4/8/2016,1.72,2047.6
4/11/2016,1.73,2041.99
4/12/2016,1.79,2061.72
4/13/2016,1.77,2082.42
4/14/2016,1.8,2082.78
4/15/2016,1.76,2080.73
4/18/2016,1.78,2094.34
4/19/2016,1.79,2100.8
4/20/2016,1.85,2102.4
4/21/2016,1.88,2091.48
4/22/2016,1.89,2091.58
4/25/2016,1.91,2087.79
4/26/2016,1.94,2091.7
4/27/2016,1.87,2095.15
4/28/2016,1.84,2075.81
4/29/2016,1.83,2065.3
5/2/2016,1.88,2081.43
5/3/2016,1.81,2063.37
5/4/2016,1.79,2051.12
5/5/2016,1.76,2050.63
5/6/2016,1.79,2057.14
5/9/2016,1.77,2058.69
5/10/2016,1.77,2084.39
5/11/2016,1.73,2064.46
5/12/2016,1.75,2064.11
5/13/2016,1.71,2046.61
5/16/2016,1.75,2066.66
5/17/2016,1.76,2047.21
5/18/2016,1.87,2047.63
5/19/2016,1.85,2040.04
5/20/2016,1.85,2052.32
5/23/2016,1.84,2048.04
5/24/2016,1.86,2076.06
5/25/2016,1.87,2090.54
5/26/2016,1.83,2090.1
5/27/2016,1.85,2099.06
5/31/2016,1.84,2096.96
6/1/2016,1.85,2099.33
6/2/2016,1.81,2105.26
6/3/2016,1.71,2099.13
6/6/2016,1.73,2109.41
6/7/2016,1.72,2112.13
6/8/2016,1.71,2119.12
6/9/2016,1.68,2115.48
6/10/2016,1.64,2096.07
6/13/2016,1.62,2079.06
6/14/2016,1.62,2075.32
6/15/2016,1.6,2071.5
6/16/2016,1.57,2077.99
6/17/2016,1.62,2071.22
6/20/2016,1.67,2083.25
6/21/2016,1.71,2088.9
6/22/2016,1.69,2085.45
6/23/2016,1.74,2113.32
6/24/2016,1.57,2037.41
6/27/2016,1.46,2000.54
6/28/2016,1.46,2036.09
6/29/2016,1.5,2070.77
6/30/2016,1.49,2098.86
7/1/2016,1.46,2102.95
7/5/2016,1.37,2088.55
7/6/2016,1.38,2099.73
7/7/2016,1.4,2097.9
7/8/2016,1.37,2129.9
7/11/2016,1.43,2137.16
7/12/2016,1.53,2152.14
7/13/2016,1.48,2152.43
7/14/2016,1.53,2163.75
7/15/2016,1.6,2161.74
7/18/2016,1.59,2166.89
7/19/2016,1.56,2163.78
7/20/2016,1.59,2173.02
7/21/2016,1.57,2165.17
7/22/2016,1.57,2175.03
7/25/2016,1.58,2168.48
7/26/2016,1.57,2169.18
7/27/2016,1.52,2166.58
7/28/2016,1.52,2170.06
7/29/2016,1.46,2173.6
8/1/2016,1.51,2170.84
8/2/2016,1.55,2157.03
8/3/2016,1.55,2163.79
8/4/2016,1.51,2164.25
8/5/2016,1.59,2182.87
8/8/2016,1.59,2180.89
8/9/2016,1.55,2181.74
8/10/2016,1.5,2175.49
8/11/2016,1.57,2185.79
8/12/2016,1.51,2184.05
8/15/2016,1.55,2190.15
8/16/2016,1.57,2178.15
8/17/2016,1.56,2182.22
8/18/2016,1.53,2187.02
8/19/2016,1.58,2183.87
8/22/2016,1.55,2182.64
8/23/2016,1.55,2186.9
8/24/2016,1.56,2175.44
8/25/2016,1.58,2172.47
8/26/2016,1.62,2169.04
8/29/2016,1.57,2180.38
8/30/2016,1.57,2176.12
8/31/2016,1.58,2170.95
9/1/2016,1.57,2170.86
9/2/2016,1.6,2179.98
9/6/2016,1.55,2186.48
9/7/2016,1.54,2186.16
9/8/2016,1.61,2181.3
9/9/2016,1.67,2127.81
9/12/2016,1.68,2159.04
9/13/2016,1.73,2127.02
9/14/2016,1.7,2125.77
9/15/2016,1.71,2147.26
9/16/2016,1.7,2139.16
9/19/2016,1.7,2139.12
9/20/2016,1.69,2139.76
9/21/2016,1.66,2163.12
9/22/2016,1.63,2177.18
9/23/2016,1.62,2164.69
9/26/2016,1.59,2146.1
9/27/2016,1.56,2159.93
9/28/2016,1.57,2171.37
9/29/2016,1.56,2151.13
9/30/2016,1.6,2168.27
10/3/2016,1.63,2161.2
10/4/2016,1.69,2150.49
10/5/2016,1.72,2159.73
10/6/2016,1.75,2160.77
10/7/2016,1.73,2153.74
10/10/2016,NA,2163.66
10/11/2016,1.77,2136.73
10/12/2016,1.79,2139.18
10/13/2016,1.75,2132.55
10/14/2016,1.8,2132.98
10/17/2016,1.77,2126.5
10/18/2016,1.75,2139.6
10/19/2016,1.76,2144.29
10/20/2016,1.76,2141.34
10/21/2016,1.74,2141.16
10/24/2016,1.77,2151.33
10/25/2016,1.77,2143.16
10/26/2016,1.79,2139.43
10/27/2016,1.85,2133.04
10/28/2016,1.86,2126.41
10/31/2016,1.84,2126.15
11/1/2016,1.83,2111.72
11/2/2016,1.81,2097.94
11/3/2016,1.82,2088.66
11/4/2016,1.79,2085.18
11/7/2016,1.83,2131.52
11/8/2016,1.88,2139.56
11/9/2016,2.07,2163.26
11/10/2016,2.15,2167.48
11/11/2016,NA,2164.45
11/14/2016,2.23,2164.2
11/15/2016,2.23,2180.39
11/16/2016,2.22,2176.94
11/17/2016,2.29,2187.12
11/18/2016,2.34,2181.9
11/21/2016,2.33,2198.18
11/22/2016,2.31,2202.94
11/23/2016,2.36,2204.72
11/25/2016,2.36,2213.35
11/28/2016,2.32,2201.72
11/29/2016,2.3,2204.66
11/30/2016,2.37,2198.81
12/1/2016,2.45,2191.08
12/2/2016,2.4,2191.95
12/5/2016,2.39,2204.71
12/6/2016,2.39,2212.23
12/7/2016,2.34,2241.35
12/8/2016,2.4,2246.19
12/9/2016,2.47,2259.53
12/12/2016,2.49,2256.96
12/13/2016,2.48,2271.72
12/14/2016,2.54,2253.28
12/15/2016,2.6,2262.03
12/16/2016,2.6,2258.07
12/19/2016,2.54,2262.53
12/20/2016,2.57,2270.76
12/21/2016,2.55,2265.18
12/22/2016,2.55,2260.96
12/23/2016,2.55,2263.79
12/27/2016,2.57,2268.88
12/28/2016,2.51,2249.92
12/29/2016,2.49,2249.26
12/30/2016,2.45,2238.83
1/3/2017,2.45,2257.83
1/4/2017,2.46,2270.75
1/5/2017,2.37,2269
1/6/2017,2.42,2276.98
1/9/2017,2.38,2268.9
1/10/2017,2.38,2268.9
1/11/2017,2.38,2275.32
1/12/2017,2.36,2270.44
1/13/2017,2.4,2274.64
1/17/2017,2.33,2267.89
1/18/2017,2.42,2271.89
1/19/2017,2.47,2263.69
1/20/2017,2.48,2271.31
1/23/2017,2.41,2265.2
1/24/2017,2.47,2280.07
1/25/2017,2.53,2298.37
1/26/2017,2.51,2296.68
1/27/2017,2.49,2294.69
1/30/2017,2.49,2280.9
1/31/2017,2.45,2278.87
2/1/2017,2.48,2279.55
2/2/2017,2.48,2280.85
2/3/2017,2.49,2297.42
2/6/2017,2.42,2292.56
2/7/2017,2.4,2293.08
2/8/2017,2.34,2294.67
2/9/2017,2.4,2307.87
2/10/2017,2.41,2316.1
2/13/2017,2.43,2328.25
2/14/2017,2.47,2337.58
2/15/2017,2.51,2349.25
2/16/2017,2.45,2347.22
2/17/2017,2.42,2351.16
2/21/2017,2.43,2365.38
2/22/2017,2.42,2362.82
2/23/2017,2.38,2363.81
2/24/2017,2.31,2367.34
2/27/2017,2.36,2369.75
2/28/2017,2.36,2363.64
3/1/2017,2.46,2395.96
3/2/2017,2.49,2381.92
3/3/2017,2.49,2383.12
3/6/2017,2.49,2375.31
3/7/2017,2.52,2368.39
3/8/2017,2.57,2362.98
3/9/2017,2.6,2364.87
3/10/2017,2.58,2372.6
3/13/2017,2.62,2373.47
3/14/2017,2.6,2365.45
3/15/2017,2.51,2385.26
3/16/2017,2.53,2381.38
3/17/2017,2.5,2378.25
3/20/2017,2.47,2373.47
3/21/2017,2.43,2344.02
3/22/2017,2.4,2348.45
3/23/2017,2.41,2345.96
3/24/2017,2.4,2343.98
3/27/2017,2.38,2341.59
3/28/2017,2.42,2358.57
3/29/2017,2.39,2361.13
3/30/2017,2.42,2368.06
3/31/2017,2.4,2362.72
4/3/2017,2.35,2358.84
4/4/2017,2.36,2360.16
4/5/2017,2.34,2352.95
4/6/2017,2.34,2357.49
4/7/2017,2.38,2355.54
4/10/2017,2.37,2357.16
4/11/2017,2.32,2353.78
4/12/2017,2.28,2344.93
4/13/2017,2.24,2328.95
4/17/2017,2.26,2349.01
4/18/2017,2.18,2342.19
4/19/2017,2.21,2338.17
4/20/2017,2.24,2355.84
4/21/2017,2.24,2348.69
4/24/2017,2.28,2374.15
4/25/2017,2.35,2388.61
4/26/2017,2.32,2387.45
4/27/2017,2.3,2388.77
4/28/2017,2.29,2384.2
5/1/2017,2.33,2388.33
5/2/2017,2.29,2391.17
5/3/2017,2.33,2388.13
5/4/2017,2.36,2389.52
5/5/2017,2.36,2399.29
5/8/2017,2.39,2399.38
5/9/2017,2.42,2396.92
5/10/2017,2.41,2399.63
5/11/2017,2.39,2394.44
5/12/2017,2.33,2390.9
5/15/2017,2.34,2402.32
5/16/2017,2.33,2400.67
5/17/2017,2.22,2357.03
5/18/2017,2.23,2365.72
5/19/2017,2.23,2381.73
5/22/2017,2.25,2394.02
5/23/2017,2.29,2398.42
5/24/2017,2.26,2404.39
5/25/2017,2.25,2415.07
5/26/2017,2.25,2415.82
5/30/2017,2.21,2412.91
5/31/2017,2.21,2411.8
6/1/2017,2.21,2430.06
6/2/2017,2.15,2439.07
6/5/2017,2.18,2436.1
6/6/2017,2.14,2429.33
6/7/2017,2.18,2433.14
6/8/2017,2.19,2433.79
6/9/2017,2.21,2431.77
6/12/2017,2.21,2429.39
6/13/2017,2.21,2440.35
6/14/2017,2.15,2437.92
6/15/2017,2.16,2432.46
6/16/2017,2.16,2433.15
6/19/2017,2.19,2453.46
6/20/2017,2.16,2437.03
6/21/2017,2.16,2435.61
6/22/2017,2.15,2434.5
6/23/2017,2.15,2438.3
6/26/2017,2.14,2439.07
6/27/2017,2.21,2419.38
6/28/2017,2.22,2440.69
6/29/2017,2.27,2419.7
6/30/2017,2.31,2423.41
7/3/2017,2.35,2429.01
7/5/2017,2.33,2432.54
7/6/2017,2.37,2409.75
7/7/2017,2.39,2425.18
7/10/2017,2.38,2427.43
7/11/2017,2.37,2425.53
7/12/2017,2.33,2443.25
7/13/2017,2.35,2447.83
7/14/2017,2.33,2459.27
7/17/2017,2.31,2459.14
7/18/2017,2.27,2460.61
7/19/2017,2.27,2473.83
7/20/2017,2.27,2473.45
7/21/2017,2.24,2472.54
7/24/2017,2.26,2469.91
7/25/2017,2.33,2477.13
7/26/2017,2.29,2477.83
7/27/2017,2.32,2475.42
7/28/2017,2.3,2472.1
7/31/2017,2.3,2470.3
8/1/2017,2.26,2476.35
8/2/2017,2.27,2477.57
8/3/2017,2.24,2472.16
8/4/2017,2.27,2476.83
8/7/2017,2.26,2480.91
8/8/2017,2.29,2474.92
8/9/2017,2.24,2474.02
8/10/2017,2.2,2438.21
8/11/2017,2.19,2441.32
8/14/2017,2.22,2465.84
8/15/2017,2.27,2464.61
8/16/2017,2.23,2468.11
8/17/2017,2.19,2430.01
8/18/2017,2.19,2425.55
8/21/2017,2.18,2428.37
8/22/2017,2.22,2452.51
8/23/2017,2.17,2444.04
8/24/2017,2.19,2438.97
8/25/2017,2.17,2443.05
8/28/2017,2.16,2444.24
8/29/2017,2.13,2446.3
8/30/2017,2.15,2457.59
8/31/2017,2.12,2471.65
9/1/2017,2.16,2476.55
9/5/2017,2.07,2457.85
9/6/2017,2.1,2465.54
9/7/2017,2.05,2465.1
9/8/2017,2.06,2461.43
9/11/2017,2.14,2488.11
9/12/2017,2.17,2496.48
9/13/2017,2.2,2498.37
9/14/2017,2.2,2495.62
9/15/2017,2.2,2500.23
9/18/2017,2.23,2503.87
9/19/2017,2.24,2506.65
9/20/2017,2.28,2508.24
9/21/2017,2.27,2500.6
9/22/2017,2.26,2502.22
9/25/2017,2.22,2496.66
9/26/2017,2.24,2496.84
9/27/2017,2.31,2507.04
9/28/2017,2.31,2510.06
9/29/2017,2.33,2519.36
10/2/2017,2.34,2529.12
10/3/2017,2.33,2534.58
10/4/2017,2.33,2537.74
10/5/2017,2.35,2552.07
10/6/2017,2.37,2549.33
10/10/2017,2.35,2544.73
10/11/2017,2.35,2550.64
10/12/2017,2.33,2555.24
10/13/2017,2.28,2550.93
10/16/2017,2.3,2553.17
10/17/2017,2.3,2557.64
10/18/2017,2.34,2559.36
10/19/2017,2.33,2561.26
10/20/2017,2.39,2562.1
10/23/2017,2.38,2575.21
10/24/2017,2.42,2564.98
10/25/2017,2.44,2569.13
10/26/2017,2.46,2557.15
10/27/2017,2.42,2560.4
10/30/2017,2.37,2581.07
10/31/2017,2.38,2572.83
11/1/2017,2.37,2575.26
11/2/2017,2.35,2579.36
11/3/2017,2.34,2579.85
11/6/2017,2.32,2587.84
11/7/2017,2.32,2591.13
11/8/2017,2.32,2590.64
11/9/2017,2.33,2594.38
11/9/2017,NA,2584.62
11/10/2017,2.4,2582.3
11/13/2017,2.4,2584.84
11/14/2017,2.38,2578.87
11/15/2017,2.33,2564.62
11/16/2017,2.37,2585.64
11/17/2017,2.35,2578.85
11/20/2017,2.37,2582.14
11/21/2017,2.36,2599.03
11/22/2017,2.32,2597.08
11/24/2017,2.34,2602.42
11/27/2017,2.32,2601.42
11/28/2017,2.34,2627.04
11/29/2017,2.37,2626.07
11/30/2017,2.42,2647.58
12/1/2017,2.37,2642.22
12/4/2017,2.37,2639.44
12/5/2017,2.36,2629.57
12/6/2017,2.33,2629.27
12/7/2017,2.37,2636.98
12/8/2017,2.38,2651.5
12/11/2017,2.39,2659.99
12/12/2017,2.4,2664.11
12/13/2017,2.36,2662.85
12/14/2017,2.35,2652.01
12/15/2017,2.35,2675.81
12/18/2017,2.39,2690.16
12/19/2017,2.46,2681.47
12/20/2017,2.49,2679.25
12/21/2017,2.48,2684.57
12/22/2017,2.48,2683.34
12/26/2017,2.47,2680.5
12/27/2017,2.42,2682.62
12/28/2017,2.43,2687.54
12/29/2017,2.4,2673.61
1/2/2018,2.46,2695.81
1/3/2018,2.44,2713.06
1/4/2018,2.46,2723.99
1/5/2018,2.47,2743.15
1/8/2018,2.49,2747.71
1/9/2018,2.55,2751.29
1/10/2018,2.55,2748.23
1/11/2018,2.54,2767.56
1/12/2018,2.55,2786.24
1/16/2018,2.54,2776.42
1/17/2018,2.57,2802.56
1/18/2018,2.62,2798.03
1/19/2018,2.64,2810.3
1/22/2018,2.66,2832.97
1/23/2018,2.63,2839.13
1/24/2018,2.65,2837.54
1/25/2018,2.63,2839.25
1/26/2018,2.66,2872.87
1/29/2018,2.7,2853.53
1/30/2018,2.73,2822.43
1/31/2018,2.72,2823.81
2/1/2018,2.78,2821.98
2/2/2018,2.84,2762.13
2/5/2018,2.77,2648.94
2/6/2018,2.79,2695.14
2/7/2018,2.84,2681.66
2/8/2018,2.85,2581
2/9/2018,2.83,2619.55
2/12/2018,2.86,2656
2/13/2018,2.83,2662.94
2/14/2018,2.91,2698.63
2/15/2018,2.9,2731.2
2/16/2018,2.87,2732.22
2/20/2018,2.88,2716.26
2/21/2018,2.94,2701.33
2/22/2018,2.92,2703.96
2/23/2018,2.88,2747.3
2/26/2018,2.86,2779.6
2/27/2018,2.9,2744.28
2/28/2018,2.87,2713.83
3/1/2018,2.81,2677.67
3/2/2018,2.86,2691.25
3/5/2018,2.88,2720.94
3/6/2018,2.88,2728.12
3/7/2018,2.89,2726.8
3/8/2018,2.86,2738.97
3/9/2018,2.9,2786.57
3/12/2018,2.87,2783.02
3/13/2018,2.84,2765.31
3/14/2018,2.81,2749.48
3/15/2018,2.82,2747.33
3/16/2018,2.85,2752.01
3/19/2018,2.85,2712.92
3/20/2018,2.89,2716.94
3/21/2018,2.89,2711.93
3/22/2018,2.83,2643.69
3/23/2018,2.82,2588.26
3/26/2018,2.85,2658.55
3/27/2018,2.78,2612.62
3/28/2018,2.77,2605
3/29/2018,2.74,2640.87
4/2/2018,2.73,2581.88
4/3/2018,2.79,2614.45
4/4/2018,2.79,2644.69
4/5/2018,2.83,2662.84
4/6/2018,2.77,2604.47
4/9/2018,2.78,2613.16
4/10/2018,2.8,2656.87
4/11/2018,2.79,2642.19
4/12/2018,2.83,2663.99
4/13/2018,2.82,2656.3
4/16/2018,2.83,2677.84
4/17/2018,2.82,2706.39
4/18/2018,2.87,2708.64
4/19/2018,2.92,2693.13
4/20/2018,2.96,2670.14
4/23/2018,2.98,2670.29
4/24/2018,3,2634.56
4/25/2018,3.03,2639.4
4/26/2018,3,2666.94
4/27/2018,2.96,2669.91
4/30/2018,2.95,2648.05
5/1/2018,2.97,2654.8
5/2/2018,2.97,2635.67
5/3/2018,2.94,2629.73
5/4/2018,2.95,2663.42
5/7/2018,2.95,2672.63
5/8/2018,2.97,2671.92
5/9/2018,3,2697.79
5/10/2018,2.97,2723.07
5/11/2018,2.97,2727.72
5/14/2018,3,2730.13
5/15/2018,3.08,2711.45
5/16/2018,3.09,2722.46
5/17/2018,3.11,2720.13
5/18/2018,3.06,2712.97
5/21/2018,3.06,2733.01
5/22/2018,3.06,2724.44
5/23/2018,3.01,2733.29
5/24/2018,2.98,2727.76
5/25/2018,2.93,2721.33
5/29/2018,2.77,2689.86
5/30/2018,2.84,2724.01
5/31/2018,2.83,2705.27
6/1/2018,2.89,2734.62
6/4/2018,2.94,2746.87
6/5/2018,2.92,2748.8
6/6/2018,2.97,2772.35
6/7/2018,2.93,2770.37
6/8/2018,2.93,2779.03
6/11/2018,2.96,2782
6/12/2018,2.96,2786.85
6/13/2018,2.98,2775.63
6/14/2018,2.94,2782.49
6/15/2018,2.93,2779.66
6/18/2018,2.92,2773.75
6/19/2018,2.89,2762.59
6/20/2018,2.93,2767.32
6/21/2018,2.9,2749.76
6/22/2018,2.9,2754.88
6/25/2018,2.87,2717.07
6/26/2018,2.88,2723.06
6/27/2018,2.83,2699.63
6/28/2018,2.84,2716.31
6/29/2018,2.85,2718.37
7/2/2018,2.87,2726.71
7/3/2018,2.83,2713.22
7/5/2018,2.84,2736.61
7/6/2018,2.82,2759.82
7/9/2018,2.86,2784.17
7/10/2018,2.87,2793.84
7/11/2018,2.85,2774.02
7/12/2018,2.85,2798.29
7/13/2018,2.83,2801.31
7/16/2018,2.85,2798.43
7/17/2018,2.86,2809.55
7/18/2018,2.88,2815.62
7/19/2018,2.84,2804.49
7/20/2018,2.89,2801.83
7/23/2018,2.96,2806.98
7/24/2018,2.95,2820.4
7/25/2018,2.94,2846.07
7/26/2018,2.98,2837.44
7/27/2018,2.96,2818.82
7/30/2018,2.98,2802.6
7/31/2018,2.96,2816.29
8/1/2018,3,2813.36
8/2/2018,2.98,2827.22
8/3/2018,2.95,2840.35
8/6/2018,2.94,2850.4
8/7/2018,2.98,2858.45
8/8/2018,2.96,2857.7
8/9/2018,2.93,2853.58
8/10/2018,2.87,2833.28
8/13/2018,2.88,2821.93
8/14/2018,2.89,2839.96
8/15/2018,2.86,2818.37
8/16/2018,2.87,2840.69
8/17/2018,2.87,2850.13
8/20/2018,2.82,2857.05
8/21/2018,2.85,2862.96
8/22/2018,2.82,2861.82
8/23/2018,2.82,2856.98
8/24/2018,2.82,2874.69
8/27/2018,2.85,2896.74
8/28/2018,2.88,2897.52
8/29/2018,2.89,2914.04
8/30/2018,2.86,2901.13
8/31/2018,2.86,2901.52
9/4/2018,2.9,2896.72
9/5/2018,2.9,2888.6
9/6/2018,2.88,2878.05
9/7/2018,2.94,2871.68
9/10/2018,2.94,2877.13
9/11/2018,2.98,2887.89
9/12/2018,2.97,2888.92
9/13/2018,2.97,2904.18
9/14/2018,2.99,2904.98
9/17/2018,2.99,2888.8
9/18/2018,3.05,2904.31
9/19/2018,3.08,2907.95
9/20/2018,3.07,2930.75
9/21/2018,3.07,2929.67
9/24/2018,3.08,2919.37
9/25/2018,3.1,2915.56
9/26/2018,3.06,2905.97
9/27/2018,3.06,2914
9/28/2018,3.05,2913.98
10/1/2018,3.09,2924.59
10/2/2018,3.05,2923.43
10/3/2018,3.15,2925.51
10/4/2018,3.19,2901.61
10/5/2018,3.23,2885.57
10/8/2018,NA,2884.43
10/9/2018,3.21,2880.34
10/10/2018,3.22,2785.68
10/11/2018,3.14,2728.37
10/12/2018,3.15,2767.13
10/15/2018,3.16,2750.79
10/16/2018,3.16,2809.92
10/17/2018,3.19,2809.21
10/18/2018,3.17,2768.78
10/19/2018,3.2,2767.78
10/22/2018,3.2,2755.88
10/23/2018,3.17,2740.69
10/24/2018,3.1,2656.1
10/25/2018,3.14,2705.57
10/26/2018,3.08,2658.69
10/29/2018,3.08,2641.25
10/30/2018,3.12,2682.63
10/31/2018,3.15,2711.74
11/1/2018,3.14,2740.37
11/2/2018,3.22,2723.06
11/5/2018,3.2,2738.31
11/6/2018,3.22,2755.45
11/7/2018,3.22,2813.89
11/8/2018,3.24,2806.83
11/9/2018,3.19,2781.01
11/12/2018,NA,2726.22
11/13/2018,3.14,2722.18
11/14/2018,3.12,2701.58
11/15/2018,3.11,2730.2
11/16/2018,3.08,2736.27
11/19/2018,3.06,2690.73
11/20/2018,3.06,2641.89
11/21/2018,3.06,2649.93
11/23/2018,3.05,2632.56
11/26/2018,3.07,2673.45
11/27/2018,3.06,2682.17
11/28/2018,3.06,2743.79
